<?xml version="1.0" encoding="UTF-8"?>
<GenRun Id="synth_1" LaunchPart="xc7a200tsbg484-1" LaunchTime="1661168409">
  <File Type="PA-TCL" Name="GPIO_demo.tcl"/>
  <File Type="REPORTS-TCL" Name="GPIO_demo_reports.tcl"/>
  <File Type="RDS-RDS" Name="GPIO_demo.vds"/>
  <File Type="RDS-UTIL" Name="GPIO_demo_utilization_synth.rpt"/>
  <File Type="RDS-UTIL-PB" Name="GPIO_demo_utilization_synth.pb"/>
  <File Type="RDS-DCP" Name="GPIO_demo.dcp"/>
  <FileSet Name="sources" Type="DesignSrcs" RelSrcDir="$PSRCDIR/sources_1" RelGenDir="$PGENDIR/sources_1">
    <Filter Type="Srcs"/>
    <File Path="$PSRCDIR/sources_1/imports/src/hdl/OLED_ctrl.v">
      <FileInfo>
        <Attr Name="ImportPath" Val="E:/UpgradeProjects/Nexys-Video/hw/src/hdl/OLED_ctrl.v"/>
        <Attr Name="ImportTime" Val="1661171733"/>
        <Attr Name="UsedIn" Val="synthesis"/>
        <Attr Name="UsedIn" Val="implementation"/>
        <Attr Name="UsedIn" Val="simulation"/>
      </FileInfo>
    </File>
    <File Path="$PSRCDIR/sources_1/imports/src/hdl/OLED_master.v">
      <FileInfo>
        <Attr Name="ImportPath" Val="E:/UpgradeProjects/Nexys-Video/hw/src/hdl/OLED_master.v"/>
        <Attr Name="ImportTime" Val="1661171733"/>
        <Attr Name="UsedIn" Val="synthesis"/>
        <Attr Name="UsedIn" Val="implementation"/>
        <Attr Name="UsedIn" Val="simulation"/>
      </FileInfo>
    </File>
    <File Path="$PSRCDIR/sources_1/imports/src/hdl/SpiCtrl.v">
      <FileInfo>
        <Attr Name="ImportPath" Val="E:/UpgradeProjects/Nexys-Video/hw/src/hdl/SpiCtrl.v"/>
        <Attr Name="ImportTime" Val="1661171733"/>
        <Attr Name="UsedIn" Val="synthesis"/>
        <Attr Name="UsedIn" Val="implementation"/>
        <Attr Name="UsedIn" Val="simulation"/>
      </FileInfo>
    </File>
    <File Path="$PSRCDIR/sources_1/imports/src/hdl/delay_ms.v">
      <FileInfo>
        <Attr Name="ImportPath" Val="E:/UpgradeProjects/Nexys-Video/hw/src/hdl/delay_ms.v"/>
        <Attr Name="ImportTime" Val="1661171733"/>
        <Attr Name="UsedIn" Val="synthesis"/>
        <Attr Name="UsedIn" Val="implementation"/>
        <Attr Name="UsedIn" Val="simulation"/>
      </FileInfo>
    </File>
    <File Path="$PSRCDIR/sources_1/imports/src/hdl/UART_TX_CTRL.vhd">
      <FileInfo>
        <Attr Name="ImportPath" Val="E:/UpgradeProjects/Nexys-Video/hw/src/hdl/UART_TX_CTRL.vhd"/>
        <Attr Name="ImportTime" Val="1661171733"/>
        <Attr Name="UsedIn" Val="synthesis"/>
        <Attr Name="UsedIn" Val="simulation"/>
      </FileInfo>
    </File>
    <File Path="$PSRCDIR/sources_1/imports/src/hdl/debouncer.vhd">
      <FileInfo>
        <Attr Name="ImportPath" Val="E:/UpgradeProjects/Nexys-Video/hw/src/hdl/debouncer.vhd"/>
        <Attr Name="ImportTime" Val="1661171733"/>
        <Attr Name="UsedIn" Val="synthesis"/>
        <Attr Name="UsedIn" Val="simulation"/>
      </FileInfo>
    </File>
    <File Path="$PSRCDIR/sources_1/imports/src/hdl/GPIO_Demo.vhd">
      <FileInfo>
        <Attr Name="ImportPath" Val="E:/UpgradeProjects/Nexys-Video/hw/src/hdl/GPIO_Demo.vhd"/>
        <Attr Name="ImportTime" Val="1661171733"/>
        <Attr Name="UsedIn" Val="synthesis"/>
        <Attr Name="UsedIn" Val="simulation"/>
      </FileInfo>
    </File>
    <File Path="$PSRCDIR/sources_1/imports/src/other/characterLib.coe">
      <FileInfo>
        <Attr Name="ImportPath" Val="E:/UpgradeProjects/Nexys-Video/hw/src/other/characterLib.coe"/>
        <Attr Name="ImportTime" Val="1661171733"/>
        <Attr Name="UsedIn" Val="synthesis"/>
        <Attr Name="UsedIn" Val="simulation"/>
      </FileInfo>
    </File>
    <File Path="$PSRCDIR/sources_1/imports/src/other/init_sequence.coe">
      <FileInfo>
        <Attr Name="ImportPath" Val="E:/UpgradeProjects/Nexys-Video/hw/src/other/init_sequence.coe"/>
        <Attr Name="ImportTime" Val="1661171733"/>
        <Attr Name="UsedIn" Val="synthesis"/>
        <Attr Name="UsedIn" Val="simulation"/>
      </FileInfo>
    </File>
    <Config>
      <Option Name="DesignMode" Val="RTL"/>
      <Option Name="TopModule" Val="GPIO_demo"/>
      <Option Name="TopAutoSet" Val="TRUE"/>
    </Config>
  </FileSet>
  <FileSet Name="constrs_in" Type="Constrs" RelSrcDir="$PSRCDIR/constrs_1">
    <Filter Type="Constrs"/>
    <File Path="$PSRCDIR/constrs_1/imports/constraints/NexysVideo_A.xdc">
      <FileInfo>
        <Attr Name="ImportPath" Val="E:/UpgradeProjects/Nexys-Video/hw/src/constraints/NexysVideo_A.xdc"/>
        <Attr Name="ImportTime" Val="1661171733"/>
        <Attr Name="UsedIn" Val="synthesis"/>
        <Attr Name="UsedIn" Val="implementation"/>
      </FileInfo>
    </File>
    <Config>
      <Option Name="ConstrsType" Val="XDC"/>
    </Config>
  </FileSet>
  <FileSet Name="utils" Type="Utils" RelSrcDir="$PSRCDIR/utils_1">
    <Filter Type="Utils"/>
    <Config>
      <Option Name="TopAutoSet" Val="TRUE"/>
    </Config>
  </FileSet>
  <Strategy Version="1" Minor="2">
    <StratHandle Name="Vivado Synthesis Defaults" Flow="Vivado Synthesis 2022"/>
    <Step Id="synth_design"/>
  </Strategy>
  <BlockFileSet Type="BlockSrcs" Name="pixel_buffer"/>
  <BlockFileSet Type="BlockSrcs" Name="init_sequence_rom"/>
  <BlockFileSet Type="BlockSrcs" Name="charLib"/>
</GenRun>
