<?xml version="1.0" encoding="UTF-8"?>
<GenRun Id="init_sequence_rom_synth_1" LaunchPart="xc7a200tsbg484-1" LaunchTime="1661168409">
  <File Type="PA-TCL" Name="init_sequence_rom.tcl"/>
  <File Type="REPORTS-TCL" Name="init_sequence_rom_reports.tcl"/>
  <File Type="RDS-RDS" Name="init_sequence_rom.vds"/>
  <File Type="RDS-UTIL" Name="init_sequence_rom_utilization_synth.rpt"/>
  <File Type="RDS-UTIL-PB" Name="init_sequence_rom_utilization_synth.pb"/>
  <File Type="RDS-DCP" Name="init_sequence_rom.dcp"/>
  <FileSet Name="sources" Type="BlockSrcs" RelSrcDir="$PSRCDIR/init_sequence_rom">
    <File Path="$PSRCDIR/init_sequence_rom/ip/init_sequence_rom/init_sequence_rom.xci">
      <FileInfo>
        <Attr Name="ImportPath" Val="E:/UpgradeProjects/Nexys-Video/hw/src/ip/init_sequence_rom/init_sequence_rom.xci"/>
        <Attr Name="ImportTime" Val="1661176981"/>
        <Attr Name="UsedIn" Val="synthesis"/>
        <Attr Name="UsedIn" Val="implementation"/>
        <Attr Name="UsedIn" Val="simulation"/>
      </FileInfo>
    </File>
    <Config>
      <Option Name="TopModule" Val="init_sequence_rom"/>
      <Option Name="UseBlackboxStub" Val="1"/>
    </Config>
  </FileSet>
  <FileSet Name="constrs_in" Type="BlockSrcs" RelSrcDir="$PSRCDIR/init_sequence_rom">
    <File Path="$PSRCDIR/init_sequence_rom/ip/init_sequence_rom/init_sequence_rom.xci">
      <FileInfo>
        <Attr Name="ImportPath" Val="E:/UpgradeProjects/Nexys-Video/hw/src/ip/init_sequence_rom/init_sequence_rom.xci"/>
        <Attr Name="ImportTime" Val="1661176981"/>
        <Attr Name="UsedIn" Val="synthesis"/>
        <Attr Name="UsedIn" Val="implementation"/>
        <Attr Name="UsedIn" Val="simulation"/>
      </FileInfo>
    </File>
    <Config>
      <Option Name="TopModule" Val="init_sequence_rom"/>
      <Option Name="UseBlackboxStub" Val="1"/>
    </Config>
  </FileSet>
  <FileSet Name="utils" Type="Utils" RelSrcDir="$PSRCDIR/utils_1">
    <Filter Type="Utils"/>
    <Config>
      <Option Name="TopAutoSet" Val="TRUE"/>
    </Config>
  </FileSet>
  <Strategy Version="1" Minor="2">
    <StratHandle Name="Vivado Synthesis Defaults" Flow="Vivado Synthesis 2022"/>
    <Step Id="synth_design"/>
  </Strategy>
</GenRun>
