<?xml version="1.0" encoding="UTF-8"?>
<GenRun Id="synth_1" LaunchPart="xc7a200tsbg484-1" LaunchTime="1689941104" LaunchIncrCheckpoint="$PSRCDIR/utils_1/imports/synth_1/top.dcp">
  <File Type="PA-TCL" Name="top.tcl"/>
  <File Type="REPORTS-TCL" Name="top_reports.tcl"/>
  <File Type="RDS-RDS" Name="top.vds"/>
  <File Type="RDS-UTIL" Name="top_utilization_synth.rpt"/>
  <File Type="RDS-UTIL-PB" Name="top_utilization_synth.pb"/>
  <File Type="RDS-DCP" Name="top.dcp"/>
  <FileSet Name="sources" Type="DesignSrcs" RelSrcDir="$PSRCDIR/sources_1" RelGenDir="$PGENDIR/sources_1">
    <Filter Type="Srcs"/>
    <File Path="$PSRCDIR/sources_1/ip/init_sequence_rom/init_sequence_rom.xci">
      <FileInfo>
        <Attr Name="ImportPath" Val="D:/Work/Nexys-Video/hw/src/ip/init_sequence_rom/init_sequence_rom.xci"/>
        <Attr Name="ImportTime" Val="1689941900"/>
        <Attr Name="UsedIn" Val="synthesis"/>
        <Attr Name="UsedIn" Val="implementation"/>
        <Attr Name="UsedIn" Val="simulation"/>
      </FileInfo>
    </File>
    <File Path="$PSRCDIR/sources_1/ip/pixel_buffer/pixel_buffer.xci">
      <FileInfo>
        <Attr Name="ImportPath" Val="D:/Work/Nexys-Video/hw/src/ip/pixel_buffer/pixel_buffer.xci"/>
        <Attr Name="ImportTime" Val="1689941900"/>
        <Attr Name="UsedIn" Val="synthesis"/>
        <Attr Name="UsedIn" Val="implementation"/>
        <Attr Name="UsedIn" Val="simulation"/>
      </FileInfo>
    </File>
    <File Path="$PSRCDIR/sources_1/ip/charLib/charLib.xci">
      <FileInfo>
        <Attr Name="ImportPath" Val="D:/Work/Nexys-Video/hw/src/ip/charLib/charLib.xci"/>
        <Attr Name="ImportTime" Val="1689941900"/>
        <Attr Name="UsedIn" Val="synthesis"/>
        <Attr Name="UsedIn" Val="implementation"/>
        <Attr Name="UsedIn" Val="simulation"/>
      </FileInfo>
    </File>
    <File Path="$PSRCDIR/sources_1/imports/src/hdl/OLEDCtrl.v">
      <FileInfo>
        <Attr Name="ImportPath" Val="D:/Work/Nexys-Video/hw/src/hdl/OLEDCtrl.v"/>
        <Attr Name="ImportTime" Val="1689938725"/>
        <Attr Name="UsedIn" Val="synthesis"/>
        <Attr Name="UsedIn" Val="implementation"/>
        <Attr Name="UsedIn" Val="simulation"/>
      </FileInfo>
    </File>
    <File Path="$PSRCDIR/sources_1/imports/src/hdl/SpiCtrl.v">
      <FileInfo>
        <Attr Name="ImportPath" Val="D:/Work/Nexys-Video/hw/src/hdl/SpiCtrl.v"/>
        <Attr Name="ImportTime" Val="1689032255"/>
        <Attr Name="UsedIn" Val="synthesis"/>
        <Attr Name="UsedIn" Val="implementation"/>
        <Attr Name="UsedIn" Val="simulation"/>
      </FileInfo>
    </File>
    <File Path="$PSRCDIR/sources_1/imports/src/hdl/debouncer.v">
      <FileInfo>
        <Attr Name="ImportPath" Val="D:/Work/Nexys-Video/hw/src/hdl/debouncer.v"/>
        <Attr Name="ImportTime" Val="1689032255"/>
        <Attr Name="UsedIn" Val="synthesis"/>
        <Attr Name="UsedIn" Val="implementation"/>
        <Attr Name="UsedIn" Val="simulation"/>
      </FileInfo>
    </File>
    <File Path="$PSRCDIR/sources_1/imports/src/hdl/delay_ms.v">
      <FileInfo>
        <Attr Name="ImportPath" Val="D:/Work/Nexys-Video/hw/src/hdl/delay_ms.v"/>
        <Attr Name="ImportTime" Val="1689032255"/>
        <Attr Name="UsedIn" Val="synthesis"/>
        <Attr Name="UsedIn" Val="implementation"/>
        <Attr Name="UsedIn" Val="simulation"/>
      </FileInfo>
    </File>
    <File Path="$PSRCDIR/sources_1/imports/src/hdl/top.v">
      <FileInfo>
        <Attr Name="ImportPath" Val="D:/Work/Nexys-Video/hw/src/hdl/top.v"/>
        <Attr Name="ImportTime" Val="1689032255"/>
        <Attr Name="UsedIn" Val="synthesis"/>
        <Attr Name="UsedIn" Val="implementation"/>
        <Attr Name="UsedIn" Val="simulation"/>
      </FileInfo>
    </File>
    <File Path="$PSRCDIR/sources_1/imports/src/other/characterLib.coe">
      <FileInfo>
        <Attr Name="ImportPath" Val="D:/Work/Nexys-Video/hw/src/other/characterLib.coe"/>
        <Attr Name="ImportTime" Val="1689032255"/>
        <Attr Name="UsedIn" Val="synthesis"/>
        <Attr Name="UsedIn" Val="simulation"/>
      </FileInfo>
    </File>
    <File Path="$PSRCDIR/sources_1/imports/src/other/init_sequence.coe">
      <FileInfo>
        <Attr Name="ImportPath" Val="D:/Work/Nexys-Video/hw/src/other/init_sequence.coe"/>
        <Attr Name="ImportTime" Val="1689938725"/>
        <Attr Name="UsedIn" Val="synthesis"/>
        <Attr Name="UsedIn" Val="simulation"/>
      </FileInfo>
    </File>
    <Config>
      <Option Name="DesignMode" Val="RTL"/>
      <Option Name="TopModule" Val="top"/>
      <Option Name="TopAutoSet" Val="TRUE"/>
    </Config>
  </FileSet>
  <FileSet Name="constrs_in" Type="Constrs" RelSrcDir="$PSRCDIR/constrs_1" RelGenDir="$PGENDIR/constrs_1">
    <Filter Type="Constrs"/>
    <File Path="$PSRCDIR/constrs_1/imports/constraints/NexysVideo_Master.xdc">
      <FileInfo>
        <Attr Name="ImportPath" Val="D:/Work/Nexys-Video/hw/src/constraints/NexysVideo_Master.xdc"/>
        <Attr Name="ImportTime" Val="1689032255"/>
        <Attr Name="UsedIn" Val="synthesis"/>
        <Attr Name="UsedIn" Val="implementation"/>
      </FileInfo>
    </File>
    <Config>
      <Option Name="ConstrsType" Val="XDC"/>
    </Config>
  </FileSet>
  <FileSet Name="utils" Type="Utils" RelSrcDir="$PSRCDIR/utils_1" RelGenDir="$PGENDIR/utils_1">
    <Filter Type="Utils"/>
    <File Path="$PSRCDIR/utils_1/imports/synth_1/top.dcp">
      <FileInfo>
        <Attr Name="ImportPath" Val="D:/Work/Nexys-Video/hw/proj/hw.srcs/utils_1/imports/synth_1/top.dcp"/>
        <Attr Name="ImportTime" Val="1689941102"/>
        <Attr Name="UsedIn" Val="synthesis"/>
        <Attr Name="UsedIn" Val="implementation"/>
        <Attr Name="UsedInSteps" Val="synth_1"/>
        <Attr Name="AutoDcp" Val="1"/>
      </FileInfo>
    </File>
    <Config>
      <Option Name="TopAutoSet" Val="TRUE"/>
    </Config>
  </FileSet>
  <Strategy Version="1" Minor="2">
    <StratHandle Name="Vivado Synthesis Defaults" Flow="Vivado Synthesis 2023"/>
    <Step Id="synth_design"/>
  </Strategy>
</GenRun>
