<?xml version="1.0" encoding="UTF-8"?>
<GenRun Id="pixel_buffer_synth_1" LaunchPart="xc7a200tsbg484-1" LaunchTime="1661168409">
  <File Type="PA-TCL" Name="pixel_buffer.tcl"/>
  <File Type="REPORTS-TCL" Name="pixel_buffer_reports.tcl"/>
  <File Type="RDS-RDS" Name="pixel_buffer.vds"/>
  <File Type="RDS-UTIL" Name="pixel_buffer_utilization_synth.rpt"/>
  <File Type="RDS-UTIL-PB" Name="pixel_buffer_utilization_synth.pb"/>
  <File Type="RDS-DCP" Name="pixel_buffer.dcp"/>
  <FileSet Name="sources" Type="BlockSrcs" RelSrcDir="$PSRCDIR/pixel_buffer">
    <File Path="$PSRCDIR/pixel_buffer/ip/pixel_buffer/pixel_buffer.xci">
      <FileInfo>
        <Attr Name="ImportPath" Val="E:/UpgradeProjects/Nexys-Video/hw/src/ip/pixel_buffer/pixel_buffer.xci"/>
        <Attr Name="ImportTime" Val="1661176980"/>
        <Attr Name="UsedIn" Val="synthesis"/>
        <Attr Name="UsedIn" Val="implementation"/>
        <Attr Name="UsedIn" Val="simulation"/>
      </FileInfo>
    </File>
    <Config>
      <Option Name="TopModule" Val="pixel_buffer"/>
      <Option Name="UseBlackboxStub" Val="1"/>
    </Config>
  </FileSet>
  <FileSet Name="constrs_in" Type="BlockSrcs" RelSrcDir="$PSRCDIR/pixel_buffer">
    <File Path="$PSRCDIR/pixel_buffer/ip/pixel_buffer/pixel_buffer.xci">
      <FileInfo>
        <Attr Name="ImportPath" Val="E:/UpgradeProjects/Nexys-Video/hw/src/ip/pixel_buffer/pixel_buffer.xci"/>
        <Attr Name="ImportTime" Val="1661176980"/>
        <Attr Name="UsedIn" Val="synthesis"/>
        <Attr Name="UsedIn" Val="implementation"/>
        <Attr Name="UsedIn" Val="simulation"/>
      </FileInfo>
    </File>
    <Config>
      <Option Name="TopModule" Val="pixel_buffer"/>
      <Option Name="UseBlackboxStub" Val="1"/>
    </Config>
  </FileSet>
  <FileSet Name="utils" Type="Utils" RelSrcDir="$PSRCDIR/utils_1">
    <Filter Type="Utils"/>
    <Config>
      <Option Name="TopAutoSet" Val="TRUE"/>
    </Config>
  </FileSet>
  <Strategy Version="1" Minor="2">
    <StratHandle Name="Vivado Synthesis Defaults" Flow="Vivado Synthesis 2022"/>
    <Step Id="synth_design"/>
  </Strategy>
</GenRun>
